fare_id,price
F_1,13.0
F_2,13.0
F_3,20.0
F_4,27.0
F_5,27.0
F_6,29.0
F_7,33.0
F_8,37.0
F_9,43.0
F_10,51.0
F_11,53.0
F_12,60.0
F_13,63.0
F_14,71.0
F_15,47.0
F_16,47.0
F_17,43.0
F_18,43.0
F_19,37.0
F_20,37.0
F_21,33.0
F_22,29.0
F_23,27.0
F_24,20.0
F_25,27.0
F_26,29.0
F_27,33.0
F_28,33.0
F_29,33.0
F_30,29.0
F_31,27.0
F_32,27.0
F_33,20.0
F_34,13.0
F_35,13.0
F_36,13.0
F_37,20.0
F_38,27.0
F_39,29.0
F_40,33.0
F_41,43.0
F_42,47.0
F_43,80.0
F_44,73.0
F_45,73.0
F_46,71.0
F_47,67.0
F_48,63.0
F_49,60.0
F_50,53.0
F_51,51.0
F_52,47.0
F_53,51.0
F_54,51.0
F_55,53.0
F_56,47.0
F_57,47.0
F_58,43.0
F_59,37.0
F_60,47.0
F_61,51.0
F_62,13.0
F_63,13.0
F_64,20.0
F_65,27.0
F_66,27.0
F_67,29.0
F_68,33.0
F_69,37.0
F_70,43.0
F_71,47.0
F_72,53.0
F_73,60.0
F_74,63.0
F_75,67.0
F_76,47.0
F_77,43.0
F_78,43.0
F_79,37.0
F_80,37.0
F_81,33.0
F_82,33.0
F_83,29.0
F_84,27.0
F_85,20.0
F_86,27.0
F_87,27.0
F_88,29.0
F_89,33.0
F_90,33.0
F_91,29.0
F_92,29.0
F_93,27.0
F_94,27.0
F_95,20.0
F_96,13.0
F_97,20.0
F_98,27.0
F_99,27.0
F_100,33.0
F_101,37.0
F_102,43.0
F_103,51.0
F_104,73.0
F_105,73.0
F_106,71.0
F_107,71.0
F_108,63.0
F_109,63.0
F_110,60.0
F_111,53.0
F_112,47.0
F_113,47.0
F_114,47.0
F_115,51.0
F_116,51.0
F_117,47.0
F_118,43.0
F_119,43.0
F_120,37.0
F_121,43.0
F_122,47.0
F_123,13.0
F_124,13.0
F_125,13.0
F_126,20.0
F_127,20.0
F_128,27.0
F_129,29.0
F_130,33.0
F_131,37.0
F_132,47.0
F_133,51.0
F_134,53.0
F_135,60.0
F_136,67.0
F_137,43.0
F_138,43.0
F_139,37.0
F_140,37.0
F_141,33.0
F_142,33.0
F_143,29.0
F_144,27.0
F_145,20.0
F_146,13.0
F_147,20.0
F_148,27.0
F_149,29.0
F_150,29.0
F_151,33.0
F_152,33.0
F_153,29.0
F_154,29.0
F_155,27.0
F_156,20.0
F_157,13.0
F_158,20.0
F_159,27.0
F_160,29.0
F_161,33.0
F_162,37.0
F_163,47.0
F_164,51.0
F_165,73.0
F_166,71.0
F_167,71.0
F_168,67.0
F_169,63.0
F_170,60.0
F_171,53.0
F_172,51.0
F_173,47.0
F_174,43.0
F_175,47.0
F_176,47.0
F_177,51.0
F_178,43.0
F_179,43.0
F_180,37.0
F_181,33.0
F_182,43.0
F_183,47.0
F_184,20.0
F_185,20.0
F_186,13.0
F_187,13.0
F_188,13.0
F_189,20.0
F_190,27.0
F_191,29.0
F_192,33.0
F_193,43.0
F_194,47.0
F_195,51.0
F_196,53.0
F_197,63.0
F_198,37.0
F_199,37.0
F_200,33.0
F_201,33.0
F_202,29.0
F_203,29.0
F_204,27.0
F_205,20.0
F_206,13.0
F_207,13.0
F_208,20.0
F_209,20.0
F_210,27.0
F_211,27.0
F_212,37.0
F_213,37.0
F_214,33.0
F_215,33.0
F_216,29.0
F_217,27.0
F_218,20.0
F_219,27.0
F_220,29.0
F_221,33.0
F_222,37.0
F_223,43.0
F_224,51.0
F_225,53.0
F_226,71.0
F_227,67.0
F_228,67.0
F_229,63.0
F_230,60.0
F_231,53.0
F_232,51.0
F_233,47.0
F_234,43.0
F_235,37.0
F_236,43.0
F_237,43.0
F_238,47.0
F_239,43.0
F_240,37.0
F_241,37.0
F_242,29.0
F_243,37.0
F_244,43.0
F_245,27.0
F_246,27.0
F_247,20.0
F_248,13.0
F_249,13.0
F_250,20.0
F_251,27.0
F_252,29.0
F_253,33.0
F_254,37.0
F_255,47.0
F_256,51.0
F_257,53.0
F_258,63.0
F_259,37.0
F_260,33.0
F_261,33.0
F_262,29.0
F_263,29.0
F_264,27.0
F_265,27.0
F_266,20.0
F_267,13.0
F_268,13.0
F_269,20.0
F_270,27.0
F_271,29.0
F_272,29.0
F_273,43.0
F_274,43.0
F_275,37.0
F_276,37.0
F_277,33.0
F_278,29.0
F_279,27.0
F_280,29.0
F_281,33.0
F_282,37.0
F_283,43.0
F_284,47.0
F_285,51.0
F_286,60.0
F_287,67.0
F_288,67.0
F_289,63.0
F_290,63.0
F_291,53.0
F_292,53.0
F_293,51.0
F_294,47.0
F_295,43.0
F_296,37.0
F_297,37.0
F_298,43.0
F_299,43.0
F_300,37.0
F_301,37.0
F_302,33.0
F_303,29.0
F_304,33.0
F_305,43.0
F_306,27.0
F_307,27.0
F_308,20.0
F_309,13.0
F_310,13.0
F_311,13.0
F_312,20.0
F_313,27.0
F_314,29.0
F_315,37.0
F_316,43.0
F_317,51.0
F_318,51.0
F_319,60.0
F_320,33.0
F_321,33.0
F_322,29.0
F_323,29.0
F_324,27.0
F_325,27.0
F_326,20.0
F_327,13.0
F_328,13.0
F_329,13.0
F_330,20.0
F_331,27.0
F_332,29.0
F_333,29.0
F_334,43.0
F_335,43.0
F_336,37.0
F_337,37.0
F_338,33.0
F_339,29.0
F_340,27.0
F_341,29.0
F_342,33.0
F_343,37.0
F_344,43.0
F_345,47.0
F_346,53.0
F_347,60.0
F_348,67.0
F_349,63.0
F_350,63.0
F_351,60.0
F_352,53.0
F_353,51.0
F_354,47.0
F_355,47.0
F_356,37.0
F_357,33.0
F_358,37.0
F_359,37.0
F_360,43.0
F_361,37.0
F_362,33.0
F_363,33.0
F_364,27.0
F_365,33.0
F_366,37.0
F_367,29.0
F_368,29.0
F_369,27.0
F_370,20.0
F_371,20.0
F_372,13.0
F_373,13.0
F_374,20.0
F_375,27.0
F_376,33.0
F_377,37.0
F_378,47.0
F_379,47.0
F_380,53.0
F_381,37.0
F_382,37.0
F_383,33.0
F_384,33.0
F_385,29.0
F_386,29.0
F_387,27.0
F_388,20.0
F_389,13.0
F_390,20.0
F_391,27.0
F_392,29.0
F_393,33.0
F_394,33.0
F_395,47.0
F_396,47.0
F_397,43.0
F_398,43.0
F_399,37.0
F_400,33.0
F_401,29.0
F_402,33.0
F_403,37.0
F_404,43.0
F_405,47.0
F_406,51.0
F_407,53.0
F_408,63.0
F_409,71.0
F_410,67.0
F_411,67.0
F_412,63.0
F_413,60.0
F_414,53.0
F_415,51.0
F_416,47.0
F_417,43.0
F_418,37.0
F_419,43.0
F_420,37.0
F_421,37.0
F_422,33.0
F_423,29.0
F_424,29.0
F_425,20.0
F_426,29.0
F_427,33.0
F_428,33.0
F_429,33.0
F_430,29.0
F_431,27.0
F_432,27.0
F_433,20.0
F_434,13.0
F_435,20.0
F_436,27.0
F_437,29.0
F_438,37.0
F_439,43.0
F_440,47.0
F_441,51.0
F_442,43.0
F_443,43.0
F_444,37.0
F_445,37.0
F_446,33.0
F_447,33.0
F_448,29.0
F_449,27.0
F_450,20.0
F_451,27.0
F_452,29.0
F_453,33.0
F_454,33.0
F_455,37.0
F_456,51.0
F_457,47.0
F_458,47.0
F_459,43.0
F_460,43.0
F_461,37.0
F_462,33.0
F_463,37.0
F_464,43.0
F_465,43.0
F_466,51.0
F_467,53.0
F_468,60.0
F_469,67.0
F_470,71.0
F_471,71.0
F_472,67.0
F_473,67.0
F_474,60.0
F_475,60.0
F_476,53.0
F_477,51.0
F_478,43.0
F_479,43.0
F_480,37.0
F_481,37.0
F_482,33.0
F_483,29.0
F_484,27.0
F_485,27.0
F_486,20.0
F_487,27.0
F_488,29.0
F_489,37.0
F_490,37.0
F_491,33.0
F_492,29.0
F_493,29.0
F_494,27.0
F_495,20.0
F_496,20.0
F_497,13.0
F_498,27.0
F_499,29.0
F_500,37.0
F_501,37.0
F_502,47.0
F_503,37.0
F_504,37.0
F_505,43.0
F_506,43.0
F_507,37.0
F_508,37.0
F_509,33.0
F_510,29.0
F_511,27.0
F_512,29.0
F_513,33.0
F_514,37.0
F_515,37.0
F_516,43.0
F_517,53.0
F_518,53.0
F_519,51.0
F_520,51.0
F_521,47.0
F_522,43.0
F_523,37.0
F_524,43.0
F_525,47.0
F_526,47.0
F_527,53.0
F_528,60.0
F_529,63.0
F_530,71.0
F_531,67.0
F_532,67.0
F_533,63.0
F_534,60.0
F_535,53.0
F_536,53.0
F_537,51.0
F_538,47.0
F_539,37.0
F_540,37.0
F_541,33.0
F_542,29.0
F_543,29.0
F_544,27.0
F_545,20.0
F_546,20.0
F_547,13.0
F_548,20.0
F_549,27.0
F_550,43.0
F_551,43.0
F_552,37.0
F_553,33.0
F_554,33.0
F_555,29.0
F_556,27.0
F_557,27.0
F_558,13.0
F_559,20.0
F_560,27.0
F_561,33.0
F_562,33.0
F_563,43.0
F_564,43.0
F_565,43.0
F_566,47.0
F_567,47.0
F_568,43.0
F_569,43.0
F_570,37.0
F_571,33.0
F_572,29.0
F_573,33.0
F_574,37.0
F_575,43.0
F_576,43.0
F_577,47.0
F_578,60.0
F_579,53.0
F_580,53.0
F_581,53.0
F_582,51.0
F_583,47.0
F_584,43.0
F_585,47.0
F_586,51.0
F_587,51.0
F_588,60.0
F_589,63.0
F_590,67.0
F_591,73.0
F_592,71.0
F_593,71.0
F_594,67.0
F_595,63.0
F_596,60.0
F_597,60.0
F_598,53.0
F_599,51.0
F_600,43.0
F_601,43.0
F_602,37.0
F_603,33.0
F_604,33.0
F_605,29.0
F_606,27.0
F_607,27.0
F_608,13.0
F_609,27.0
F_610,29.0
F_611,51.0
F_612,47.0
F_613,47.0
F_614,43.0
F_615,37.0
F_616,37.0
F_617,33.0
F_618,29.0
F_619,27.0
F_620,20.0
F_621,20.0
F_622,27.0
F_623,29.0
F_624,37.0
F_625,47.0
F_626,51.0
F_627,51.0
F_628,51.0
F_629,51.0
F_630,47.0
F_631,47.0
F_632,43.0
F_633,37.0
F_634,43.0
F_635,47.0
F_636,47.0
F_637,51.0
F_638,51.0
F_639,67.0
F_640,63.0
F_641,63.0
F_642,60.0
F_643,53.0
F_644,51.0
F_645,51.0
F_646,51.0
F_647,53.0
F_648,60.0
F_649,63.0
F_650,67.0
F_651,73.0
F_652,83.0
F_653,80.0
F_654,73.0
F_655,73.0
F_656,71.0
F_657,67.0
F_658,63.0
F_659,60.0
F_660,53.0
F_661,51.0
F_662,47.0
F_663,47.0
F_664,43.0
F_665,37.0
F_666,33.0
F_667,33.0
F_668,29.0
F_669,27.0
F_670,33.0
F_671,37.0
F_672,53.0
F_673,53.0
F_674,51.0
F_675,47.0
F_676,47.0
F_677,43.0
F_678,37.0
F_679,37.0
F_680,29.0
F_681,27.0
F_682,20.0
F_683,20.0
F_684,27.0
F_685,29.0
F_686,51.0
F_687,53.0
F_688,60.0
F_689,60.0
F_690,53.0
F_691,53.0
F_692,51.0
F_693,47.0
F_694,43.0
F_695,47.0
F_696,51.0
F_697,53.0
F_698,53.0
F_699,60.0
F_700,71.0
F_701,67.0
F_702,67.0
F_703,63.0
F_704,63.0
F_705,60.0
F_706,53.0
F_707,60.0
F_708,63.0
F_709,63.0
F_710,71.0
F_711,73.0
F_712,80.0
F_713,87.0
F_714,83.0
F_715,83.0
F_716,80.0
F_717,73.0
F_718,71.0
F_719,71.0
F_720,63.0
F_721,63.0
F_722,53.0
F_723,51.0
F_724,51.0
F_725,47.0
F_726,47.0
F_727,43.0
F_728,37.0
F_729,37.0
F_730,29.0
F_731,37.0
F_732,43.0
F_733,60.0
F_734,60.0
F_735,53.0
F_736,51.0
F_737,51.0
F_738,51.0
F_739,47.0
F_740,43.0
F_741,37.0
F_742,33.0
F_743,27.0
F_744,20.0
F_745,13.0
F_746,27.0
F_747,60.0
F_748,60.0
F_749,63.0
F_750,63.0
F_751,63.0
F_752,60.0
F_753,53.0
F_754,51.0
F_755,51.0
F_756,51.0
F_757,60.0
F_758,60.0
F_759,63.0
F_760,63.0
F_761,73.0
F_762,73.0
F_763,71.0
F_764,71.0
F_765,67.0
F_766,63.0
F_767,60.0
F_768,63.0
F_769,67.0
F_770,71.0
F_771,73.0
F_772,80.0
F_773,87.0
F_774,91.0
F_775,87.0
F_776,87.0
F_777,83.0
F_778,83.0
F_779,73.0
F_780,73.0
F_781,71.0
F_782,67.0
F_783,60.0
F_784,60.0
F_785,53.0
F_786,53.0
F_787,51.0
F_788,47.0
F_789,47.0
F_790,43.0
F_791,37.0
F_792,43.0
F_793,51.0
F_794,63.0
F_795,63.0
F_796,60.0
F_797,53.0
F_798,53.0
F_799,51.0
F_800,47.0
F_801,47.0
F_802,37.0
F_803,33.0
F_804,29.0
F_805,27.0
F_806,13.0
F_807,20.0
F_808,60.0
F_809,63.0
F_810,67.0
F_811,67.0
F_812,63.0
F_813,63.0
F_814,60.0
F_815,53.0
F_816,51.0
F_817,53.0
F_818,60.0
F_819,63.0
F_820,63.0
F_821,67.0
F_822,80.0
F_823,73.0
F_824,73.0
F_825,73.0
F_826,71.0
F_827,67.0
F_828,63.0
F_829,67.0
F_830,71.0
F_831,71.0
F_832,80.0
F_833,83.0
F_834,87.0
F_835,93.0
F_836,91.0
F_837,91.0
F_838,87.0
F_839,83.0
F_840,80.0
F_841,80.0
F_842,71.0
F_843,71.0
F_844,63.0
F_845,60.0
F_846,60.0
F_847,53.0
F_848,53.0
F_849,51.0
F_850,47.0
F_851,47.0
F_852,37.0
F_853,47.0
F_854,51.0
F_855,71.0
F_856,67.0
F_857,67.0
F_858,63.0
F_859,63.0
F_860,60.0
F_861,53.0
F_862,51.0
F_863,47.0
F_864,43.0
F_865,37.0
F_866,29.0
F_867,27.0
F_868,20.0
F_869,67.0
F_870,71.0
F_871,71.0
F_872,71.0
F_873,71.0
F_874,67.0
F_875,67.0
F_876,63.0
F_877,60.0
F_878,63.0
F_879,67.0
F_880,67.0
F_881,71.0
F_882,73.0
F_883,87.0
F_884,83.0
F_885,83.0
F_886,80.0
F_887,73.0
F_888,71.0
F_889,71.0
F_890,71.0
F_891,73.0
F_892,80.0
F_893,87.0
F_894,87.0
F_895,93.0
F_896,
F_897,100.0
F_898,93.0
F_899,93.0
F_900,91.0
F_901,87.0
F_902,83.0
F_903,80.0
F_904,73.0
F_905,71.0
F_906,67.0
F_907,67.0
F_908,63.0
F_909,63.0
F_910,53.0
F_911,53.0
F_912,51.0
F_913,47.0
F_914,53.0
F_915,60.0
F_916,47.0
F_917,47.0
F_918,43.0
F_919,37.0
F_920,37.0
F_921,33.0
F_922,37.0
F_923,43.0
F_924,37.0
F_925,43.0
F_926,47.0
F_927,51.0
F_928,60.0
F_929,60.0
F_930,67.0
F_931,13.0
F_932,20.0
F_933,20.0
F_934,20.0
F_935,27.0
F_936,27.0
F_937,29.0
F_938,33.0
F_939,37.0
F_940,43.0
F_941,47.0
F_942,47.0
F_943,51.0
F_944,63.0
F_945,63.0
F_946,60.0
F_947,60.0
F_948,53.0
F_949,51.0
F_950,47.0
F_951,51.0
F_952,53.0
F_953,53.0
F_954,63.0
F_955,67.0
F_956,71.0
F_957,80.0
F_958,47.0
F_959,47.0
F_960,43.0
F_961,37.0
F_962,33.0
F_963,33.0
F_964,27.0
F_965,27.0
F_966,13.0
F_967,13.0
F_968,13.0
F_969,20.0
F_970,20.0
F_971,27.0
F_972,29.0
F_973,29.0
F_974,37.0
F_975,43.0
F_976,47.0
F_977,47.0
F_978,43.0
F_979,43.0
F_980,37.0
F_981,33.0
F_982,33.0
F_983,37.0
F_984,43.0
F_985,37.0
F_986,43.0
F_987,51.0
F_988,53.0
F_989,60.0
F_990,63.0
F_991,71.0
F_992,13.0
F_993,13.0
F_994,20.0
F_995,20.0
F_996,27.0
F_997,27.0
F_998,29.0
F_999,33.0
F_1000,37.0
F_1001,43.0
F_1002,43.0
F_1003,47.0
F_1004,47.0
F_1005,63.0
F_1006,60.0
F_1007,60.0
F_1008,53.0
F_1009,51.0
F_1010,47.0
F_1011,47.0
F_1012,47.0
F_1013,51.0
F_1014,53.0
F_1015,60.0
F_1016,63.0
F_1017,71.0
F_1018,80.0
F_1019,47.0
F_1020,47.0
F_1021,43.0
F_1022,43.0
F_1023,33.0
F_1024,33.0
F_1025,29.0
F_1026,27.0
F_1027,20.0
F_1028,13.0
F_1029,13.0
F_1030,20.0
F_1031,27.0
F_1032,29.0
F_1033,29.0
F_1034,33.0
F_1035,37.0
F_1036,47.0
F_1037,51.0
F_1038,43.0
F_1039,43.0
F_1040,37.0
F_1041,33.0
F_1042,33.0
F_1043,29.0
F_1044,33.0
F_1045,37.0
F_1046,43.0
F_1047,47.0
F_1048,51.0
F_1049,60.0
F_1050,63.0
F_1051,67.0
F_1052,71.0
F_1053,20.0
F_1054,13.0
F_1055,13.0
F_1056,13.0
F_1057,20.0
F_1058,20.0
F_1059,27.0
F_1060,29.0
F_1061,33.0
F_1062,37.0
F_1063,43.0
F_1064,43.0
F_1065,47.0
F_1066,60.0
F_1067,53.0
F_1068,53.0
F_1069,53.0
F_1070,51.0
F_1071,47.0
F_1072,43.0
F_1073,47.0
F_1074,51.0
F_1075,51.0
F_1076,60.0
F_1077,63.0
F_1078,67.0
F_1079,73.0
F_1080,51.0
F_1081,51.0
F_1082,47.0
F_1083,43.0
F_1084,37.0
F_1085,37.0
F_1086,33.0
F_1087,29.0
F_1088,20.0
F_1089,20.0
F_1090,20.0
F_1091,27.0
F_1092,27.0
F_1093,29.0
F_1094,33.0
F_1095,33.0
F_1096,43.0
F_1097,47.0
F_1098,51.0
F_1099,43.0
F_1100,37.0
F_1101,37.0
F_1102,33.0
F_1103,29.0
F_1104,29.0
F_1105,33.0
F_1106,37.0
F_1107,43.0
F_1108,47.0
F_1109,51.0
F_1110,60.0
F_1111,63.0
F_1112,67.0
F_1113,71.0
F_1114,20.0
F_1115,20.0
F_1116,13.0
F_1117,13.0
F_1118,20.0
F_1119,20.0
F_1120,27.0
F_1121,29.0
F_1122,33.0
F_1123,37.0
F_1124,37.0
F_1125,43.0
F_1126,43.0
F_1127,60.0
F_1128,53.0
F_1129,53.0
F_1130,51.0
F_1131,47.0
F_1132,43.0
F_1133,43.0
F_1134,43.0
F_1135,47.0
F_1136,51.0
F_1137,53.0
F_1138,60.0
F_1139,67.0
F_1140,73.0
F_1141,51.0
F_1142,51.0
F_1143,47.0
F_1144,47.0
F_1145,37.0
F_1146,37.0
F_1147,33.0
F_1148,29.0
F_1149,27.0
F_1150,20.0
F_1151,20.0
F_1152,27.0
F_1153,29.0
F_1154,33.0
F_1155,33.0
F_1156,37.0
F_1157,43.0
F_1158,47.0
F_1159,51.0
F_1160,37.0
F_1161,37.0
F_1162,33.0
F_1163,29.0
F_1164,29.0
F_1165,27.0
F_1166,29.0
F_1167,33.0
F_1168,37.0
F_1169,43.0
F_1170,51.0
F_1171,53.0
F_1172,63.0
F_1173,63.0
F_1174,71.0
F_1175,20.0
F_1176,20.0
F_1177,13.0
F_1178,13.0
F_1179,13.0
F_1180,20.0
F_1181,27.0
F_1182,27.0
F_1183,29.0
F_1184,33.0
F_1185,37.0
F_1186,43.0
F_1187,43.0
F_1188,53.0
F_1189,53.0
F_1190,51.0
F_1191,51.0
F_1192,47.0
F_1193,43.0
F_1194,37.0
F_1195,43.0
F_1196,47.0
F_1197,51.0
F_1198,53.0
F_1199,60.0
F_1200,63.0
F_1201,71.0
F_1202,53.0
F_1203,51.0
F_1204,51.0
F_1205,47.0
F_1206,43.0
F_1207,37.0
F_1208,33.0
F_1209,33.0
F_1210,27.0
F_1211,20.0
F_1212,27.0
F_1213,27.0
F_1214,29.0
F_1215,33.0
F_1216,37.0
F_1217,37.0
F_1218,37.0
F_1219,47.0
F_1220,51.0
F_1221,37.0
F_1222,33.0
F_1223,33.0
F_1224,29.0
F_1225,27.0
F_1226,27.0
F_1227,29.0
F_1228,33.0
F_1229,37.0
F_1230,43.0
F_1231,47.0
F_1232,53.0
F_1233,60.0
F_1234,63.0
F_1235,67.0
F_1236,27.0
F_1237,27.0
F_1238,20.0
F_1239,20.0
F_1240,13.0
F_1241,13.0
F_1242,20.0
F_1243,27.0
F_1244,29.0
F_1245,33.0
F_1246,33.0
F_1247,37.0
F_1248,37.0
F_1249,53.0
F_1250,51.0
F_1251,51.0
F_1252,47.0
F_1253,43.0
F_1254,37.0
F_1255,37.0
F_1256,37.0
F_1257,43.0
F_1258,47.0
F_1259,51.0
F_1260,53.0
F_1261,63.0
F_1262,71.0
F_1263,53.0
F_1264,53.0
F_1265,51.0
F_1266,51.0
F_1267,43.0
F_1268,43.0
F_1269,37.0
F_1270,33.0
F_1271,29.0
F_1272,27.0
F_1273,27.0
F_1274,29.0
F_1275,33.0
F_1276,37.0
F_1277,37.0
F_1278,43.0
F_1279,37.0
F_1280,43.0
F_1281,47.0
F_1282,33.0
F_1283,33.0
F_1284,29.0
F_1285,27.0
F_1286,27.0
F_1287,20.0
F_1288,27.0
F_1289,29.0
F_1290,33.0
F_1291,37.0
F_1292,47.0
F_1293,51.0
F_1294,53.0
F_1295,60.0
F_1296,67.0
F_1297,27.0
F_1298,27.0
F_1299,20.0
F_1300,20.0
F_1301,20.0
F_1302,13.0
F_1303,13.0
F_1304,20.0
F_1305,27.0
F_1306,29.0
F_1307,33.0
F_1308,37.0
F_1309,37.0
F_1310,51.0
F_1311,51.0
F_1312,47.0
F_1313,47.0
F_1314,43.0
F_1315,37.0
F_1316,33.0
F_1317,37.0
F_1318,43.0
F_1319,47.0
F_1320,51.0
F_1321,53.0
F_1322,60.0
F_1323,67.0
F_1324,60.0
F_1325,53.0
F_1326,53.0
F_1327,51.0
F_1328,47.0
F_1329,43.0
F_1330,37.0
F_1331,37.0
F_1332,29.0
F_1333,27.0
F_1334,29.0
F_1335,33.0
F_1336,33.0
F_1337,37.0
F_1338,43.0
F_1339,37.0
F_1340,33.0
F_1341,43.0
F_1342,47.0
F_1343,29.0
F_1344,29.0
F_1345,27.0
F_1346,20.0
F_1347,20.0
F_1348,13.0
F_1349,20.0
F_1350,27.0
F_1351,29.0
F_1352,33.0
F_1353,43.0
F_1354,47.0
F_1355,51.0
F_1356,53.0
F_1357,63.0
F_1358,29.0
F_1359,29.0
F_1360,27.0
F_1361,27.0
F_1362,27.0
F_1363,20.0
F_1364,13.0
F_1365,13.0
F_1366,20.0
F_1367,27.0
F_1368,29.0
F_1369,33.0
F_1370,33.0
F_1371,47.0
F_1372,47.0
F_1373,43.0
F_1374,43.0
F_1375,37.0
F_1376,33.0
F_1377,29.0
F_1378,33.0
F_1379,37.0
F_1380,43.0
F_1381,47.0
F_1382,51.0
F_1383,53.0
F_1384,63.0
F_1385,63.0
F_1386,60.0
F_1387,60.0
F_1388,53.0
F_1389,51.0
F_1390,47.0
F_1391,43.0
F_1392,43.0
F_1393,33.0
F_1394,29.0
F_1395,33.0
F_1396,37.0
F_1397,37.0
F_1398,37.0
F_1399,37.0
F_1400,33.0
F_1401,29.0
F_1402,37.0
F_1403,43.0
F_1404,27.0
F_1405,27.0
F_1406,20.0
F_1407,13.0
F_1408,13.0
F_1409,13.0
F_1410,13.0
F_1411,20.0
F_1412,27.0
F_1413,29.0
F_1414,37.0
F_1415,43.0
F_1416,51.0
F_1417,51.0
F_1418,60.0
F_1419,33.0
F_1420,33.0
F_1421,29.0
F_1422,29.0
F_1423,27.0
F_1424,27.0
F_1425,20.0
F_1426,13.0
F_1427,13.0
F_1428,20.0
F_1429,27.0
F_1430,29.0
F_1431,29.0
F_1432,43.0
F_1433,43.0
F_1434,37.0
F_1435,37.0
F_1436,33.0
F_1437,29.0
F_1438,27.0
F_1439,29.0
F_1440,33.0
F_1441,37.0
F_1442,43.0
F_1443,47.0
F_1444,53.0
F_1445,60.0
F_1446,67.0
F_1447,63.0
F_1448,63.0
F_1449,60.0
F_1450,53.0
F_1451,51.0
F_1452,47.0
F_1453,47.0
F_1454,37.0
F_1455,33.0
F_1456,37.0
F_1457,37.0
F_1458,43.0
F_1459,37.0
F_1460,33.0
F_1461,33.0
F_1462,27.0
F_1463,33.0
F_1464,37.0
F_1465,20.0
F_1466,20.0
F_1467,13.0
F_1468,13.0
F_1469,13.0
F_1470,13.0
F_1471,20.0
F_1472,27.0
F_1473,29.0
F_1474,33.0
F_1475,43.0
F_1476,47.0
F_1477,51.0
F_1478,53.0
F_1479,63.0
F_1480,37.0
F_1481,37.0
F_1482,33.0
F_1483,33.0
F_1484,29.0
F_1485,29.0
F_1486,27.0
F_1487,20.0
F_1488,13.0
F_1489,20.0
F_1490,20.0
F_1491,27.0
F_1492,27.0
F_1493,37.0
F_1494,37.0
F_1495,33.0
F_1496,33.0
F_1497,29.0
F_1498,27.0
F_1499,20.0
F_1500,27.0
F_1501,29.0
F_1502,33.0
F_1503,37.0
F_1504,43.0
F_1505,51.0
F_1506,53.0
F_1507,71.0
F_1508,67.0
F_1509,67.0
F_1510,63.0
F_1511,60.0
F_1512,53.0
F_1513,51.0
F_1514,47.0
F_1515,43.0
F_1516,37.0
F_1517,43.0
F_1518,43.0
F_1519,47.0
F_1520,43.0
F_1521,37.0
F_1522,37.0
F_1523,29.0
F_1524,37.0
F_1525,43.0
F_1526,27.0
F_1527,27.0
F_1528,20.0
F_1529,20.0
F_1530,20.0
F_1531,20.0
F_1532,27.0
F_1533,29.0
F_1534,33.0
F_1535,37.0
F_1536,47.0
F_1537,51.0
F_1538,60.0
F_1539,60.0
F_1540,67.0
F_1541,43.0
F_1542,43.0
F_1543,37.0
F_1544,37.0
F_1545,33.0
F_1546,33.0
F_1547,29.0
F_1548,27.0
F_1549,20.0
F_1550,20.0
F_1551,13.0
F_1552,20.0
F_1553,20.0
F_1554,43.0
F_1555,43.0
F_1556,37.0
F_1557,37.0
F_1558,33.0
F_1559,29.0
F_1560,27.0
F_1561,29.0
F_1562,33.0
F_1563,37.0
F_1564,43.0
F_1565,47.0
F_1566,53.0
F_1567,60.0
F_1568,73.0
F_1569,71.0
F_1570,71.0
F_1571,67.0
F_1572,63.0
F_1573,60.0
F_1574,53.0
F_1575,53.0
F_1576,47.0
F_1577,43.0
F_1578,47.0
F_1579,47.0
F_1580,51.0
F_1581,47.0
F_1582,43.0
F_1583,43.0
F_1584,33.0
F_1585,43.0
F_1586,47.0
F_1587,29.0
F_1588,27.0
F_1589,27.0
F_1590,20.0
F_1591,27.0
F_1592,27.0
F_1593,29.0
F_1594,33.0
F_1595,37.0
F_1596,43.0
F_1597,47.0
F_1598,53.0
F_1599,60.0
F_1600,63.0
F_1601,67.0
F_1602,47.0
F_1603,43.0
F_1604,43.0
F_1605,37.0
F_1606,37.0
F_1607,33.0
F_1608,33.0
F_1609,29.0
F_1610,27.0
F_1611,20.0
F_1612,13.0
F_1613,13.0
F_1614,20.0
F_1615,47.0
F_1616,43.0
F_1617,43.0
F_1618,37.0
F_1619,33.0
F_1620,29.0
F_1621,29.0
F_1622,29.0
F_1623,33.0
F_1624,37.0
F_1625,47.0
F_1626,47.0
F_1627,53.0
F_1628,63.0
F_1629,73.0
F_1630,73.0
F_1631,71.0
F_1632,71.0
F_1633,63.0
F_1634,63.0
F_1635,60.0
F_1636,53.0
F_1637,47.0
F_1638,47.0
F_1639,47.0
F_1640,51.0
F_1641,51.0
F_1642,47.0
F_1643,43.0
F_1644,43.0
F_1645,37.0
F_1646,43.0
F_1647,47.0
F_1648,33.0
F_1649,29.0
F_1650,29.0
F_1651,27.0
F_1652,29.0
F_1653,29.0
F_1654,33.0
F_1655,33.0
F_1656,37.0
F_1657,43.0
F_1658,51.0
F_1659,53.0
F_1660,63.0
F_1661,63.0
F_1662,71.0
F_1663,47.0
F_1664,47.0
F_1665,43.0
F_1666,43.0
F_1667,43.0
F_1668,37.0
F_1669,37.0
F_1670,33.0
F_1671,29.0
F_1672,27.0
F_1673,20.0
F_1674,13.0
F_1675,13.0
F_1676,51.0
F_1677,47.0
F_1678,43.0
F_1679,43.0
F_1680,37.0
F_1681,33.0
F_1682,33.0
F_1683,33.0
F_1684,37.0
F_1685,43.0
F_1686,47.0
F_1687,51.0
F_1688,60.0
F_1689,63.0
F_1690,80.0
F_1691,73.0
F_1692,73.0
F_1693,71.0
F_1694,67.0
F_1695,63.0
F_1696,60.0
F_1697,60.0
F_1698,51.0
F_1699,47.0
F_1700,51.0
F_1701,53.0
F_1702,53.0
F_1703,51.0
F_1704,47.0
F_1705,47.0
F_1706,37.0
F_1707,47.0
F_1708,51.0
F_1709,33.0
F_1710,33.0
F_1711,29.0
F_1712,27.0
F_1713,29.0
F_1714,29.0
F_1715,33.0
F_1716,37.0
F_1717,43.0
F_1718,47.0
F_1719,51.0
F_1720,60.0
F_1721,63.0
F_1722,67.0
F_1723,73.0
F_1724,51.0
F_1725,47.0
F_1726,47.0
F_1727,43.0
F_1728,43.0
F_1729,37.0
F_1730,37.0
F_1731,33.0
F_1732,29.0
F_1733,27.0
F_1734,20.0
F_1735,20.0
F_1736,13.0
F_1737,51.0
F_1738,47.0
F_1739,47.0
F_1740,43.0
F_1741,43.0
F_1742,37.0
F_1743,33.0
F_1744,37.0
F_1745,43.0
F_1746,43.0
F_1747,51.0
F_1748,53.0
F_1749,60.0
F_1750,67.0
F_1751,80.0
F_1752,80.0
F_1753,73.0
F_1754,73.0
F_1755,67.0
F_1756,67.0
F_1757,63.0
F_1758,60.0
F_1759,51.0
F_1760,51.0
F_1761,51.0
F_1762,53.0
F_1763,53.0
F_1764,51.0
F_1765,51.0
F_1766,47.0
F_1767,43.0
F_1768,47.0
F_1769,53.0
F_1770,33.0
F_1771,33.0
F_1772,33.0
F_1773,37.0
F_1774,43.0
F_1775,43.0
F_1776,47.0
F_1777,51.0
F_1778,53.0
F_1779,60.0
F_1780,67.0
F_1781,71.0
F_1782,73.0
F_1783,80.0
F_1784,87.0
F_1785,63.0
F_1786,63.0
F_1787,60.0
F_1788,60.0
F_1789,53.0
F_1790,53.0
F_1791,51.0
F_1792,47.0
F_1793,43.0
F_1794,37.0
F_1795,43.0
F_1796,47.0
F_1797,51.0
F_1798,51.0
F_1799,13.0
F_1800,20.0
F_1801,20.0
F_1802,27.0
F_1803,29.0
F_1804,33.0
F_1805,33.0
F_1806,37.0
F_1807,43.0
F_1808,47.0
F_1809,51.0
F_1810,60.0
F_1811,63.0
F_1812,93.0
F_1813,91.0
F_1814,91.0
F_1815,87.0
F_1816,83.0
F_1817,80.0
F_1818,73.0
F_1819,71.0
F_1820,67.0
F_1821,63.0
F_1822,67.0
F_1823,67.0
F_1824,71.0
F_1825,63.0
F_1826,63.0
F_1827,60.0
F_1828,53.0
F_1829,63.0
F_1830,67.0
F_1831,29.0
F_1832,29.0
F_1833,33.0
F_1834,37.0
F_1835,43.0
F_1836,43.0
F_1837,47.0
F_1838,47.0
F_1839,53.0
F_1840,53.0
F_1841,63.0
F_1842,67.0
F_1843,73.0
F_1844,73.0
F_1845,83.0
F_1846,63.0
F_1847,60.0
F_1848,53.0
F_1849,53.0
F_1850,53.0
F_1851,51.0
F_1852,51.0
F_1853,47.0
F_1854,43.0
F_1855,37.0
F_1856,43.0
F_1857,43.0
F_1858,47.0
F_1859,47.0
F_1860,13.0
F_1861,13.0
F_1862,13.0
F_1863,20.0
F_1864,27.0
F_1865,29.0
F_1866,29.0
F_1867,33.0
F_1868,37.0
F_1869,47.0
F_1870,47.0
F_1871,53.0
F_1872,63.0
F_1873,91.0
F_1874,91.0
F_1875,87.0
F_1876,83.0
F_1877,80.0
F_1878,80.0
F_1879,71.0
F_1880,71.0
F_1881,63.0
F_1882,63.0
F_1883,63.0
F_1884,67.0
F_1885,67.0
F_1886,63.0
F_1887,60.0
F_1888,60.0
F_1889,53.0
F_1890,60.0
F_1891,63.0
F_1892,27.0
F_1893,29.0
F_1894,29.0
F_1895,33.0
F_1896,37.0
F_1897,37.0
F_1898,43.0
F_1899,47.0
F_1900,51.0
F_1901,53.0
F_1902,63.0
F_1903,67.0
F_1904,71.0
F_1905,73.0
F_1906,83.0
F_1907,60.0
F_1908,60.0
F_1909,53.0
F_1910,53.0
F_1911,51.0
F_1912,51.0
F_1913,47.0
F_1914,43.0
F_1915,37.0
F_1916,33.0
F_1917,37.0
F_1918,43.0
F_1919,43.0
F_1920,47.0
F_1921,20.0
F_1922,13.0
F_1923,13.0
F_1924,20.0
F_1925,27.0
F_1926,27.0
F_1927,29.0
F_1928,33.0
F_1929,37.0
F_1930,43.0
F_1931,47.0
F_1932,53.0
F_1933,60.0
F_1934,87.0
F_1935,87.0
F_1936,83.0
F_1937,83.0
F_1938,73.0
F_1939,73.0
F_1940,71.0
F_1941,67.0
F_1942,63.0
F_1943,60.0
F_1944,63.0
F_1945,63.0
F_1946,63.0
F_1947,60.0
F_1948,60.0
F_1949,53.0
F_1950,51.0
F_1951,60.0
F_1952,63.0
F_1953,27.0
F_1954,27.0
F_1955,29.0
F_1956,33.0
F_1957,37.0
F_1958,37.0
F_1959,43.0
F_1960,43.0
F_1961,51.0
F_1962,53.0
F_1963,60.0
F_1964,63.0
F_1965,71.0
F_1966,73.0
F_1967,80.0
F_1968,60.0
F_1969,53.0
F_1970,53.0
F_1971,51.0
F_1972,51.0
F_1973,47.0
F_1974,47.0
F_1975,43.0
F_1976,37.0
F_1977,33.0
F_1978,37.0
F_1979,37.0
F_1980,43.0
F_1981,43.0
F_1982,20.0
F_1983,13.0
F_1984,13.0
F_1985,13.0
F_1986,20.0
F_1987,27.0
F_1988,29.0
F_1989,33.0
F_1990,33.0
F_1991,43.0
F_1992,47.0
F_1993,51.0
F_1994,60.0
F_1995,87.0
F_1996,87.0
F_1997,83.0
F_1998,80.0
F_1999,73.0
F_2000,73.0
F_2001,71.0
F_2002,67.0
F_2003,60.0
F_2004,60.0
F_2005,60.0
F_2006,63.0
F_2007,63.0
F_2008,60.0
F_2009,53.0
F_2010,53.0
F_2011,51.0
F_2012,53.0
F_2013,60.0
F_2014,20.0
F_2015,27.0
F_2016,27.0
F_2017,29.0
F_2018,33.0
F_2019,33.0
F_2020,37.0
F_2021,43.0
F_2022,47.0
F_2023,51.0
F_2024,53.0
F_2025,63.0
F_2026,67.0
F_2027,71.0
F_2028,73.0
F_2029,53.0
F_2030,51.0
F_2031,51.0
F_2032,47.0
F_2033,47.0
F_2034,43.0
F_2035,43.0
F_2036,37.0
F_2037,33.0
F_2038,29.0
F_2039,33.0
F_2040,33.0
F_2041,37.0
F_2042,43.0
F_2043,27.0
F_2044,20.0
F_2045,20.0
F_2046,13.0
F_2047,13.0
F_2048,20.0
F_2049,27.0
F_2050,29.0
F_2051,29.0
F_2052,37.0
F_2053,43.0
F_2054,47.0
F_2055,53.0
F_2056,83.0
F_2057,83.0
F_2058,80.0
F_2059,80.0
F_2060,71.0
F_2061,71.0
F_2062,67.0
F_2063,63.0
F_2064,53.0
F_2065,53.0
F_2066,53.0
F_2067,60.0
F_2068,60.0
F_2069,53.0
F_2070,51.0
F_2071,51.0
F_2072,47.0
F_2073,51.0
F_2074,53.0
F_2075,13.0
F_2076,20.0
F_2077,20.0
F_2078,27.0
F_2079,29.0
F_2080,29.0
F_2081,33.0
F_2082,37.0
F_2083,43.0
F_2084,47.0
F_2085,51.0
F_2086,60.0
F_2087,63.0
F_2088,67.0
F_2089,71.0
F_2090,51.0
F_2091,47.0
F_2092,47.0
F_2093,43.0
F_2094,43.0
F_2095,37.0
F_2096,37.0
F_2097,33.0
F_2098,29.0
F_2099,27.0
F_2100,29.0
F_2101,29.0
F_2102,33.0
F_2103,37.0
F_2104,29.0
F_2105,27.0
F_2106,27.0
F_2107,20.0
F_2108,13.0
F_2109,13.0
F_2110,20.0
F_2111,27.0
F_2112,27.0
F_2113,33.0
F_2114,37.0
F_2115,43.0
F_2116,51.0
F_2117,80.0
F_2118,80.0
F_2119,73.0
F_2120,73.0
F_2121,67.0
F_2122,67.0
F_2123,63.0
F_2124,60.0
F_2125,51.0
F_2126,51.0
F_2127,51.0
F_2128,53.0
F_2129,53.0
F_2130,51.0
F_2131,47.0
F_2132,47.0
F_2133,43.0
F_2134,47.0
F_2135,53.0
F_2136,13.0
F_2137,13.0
F_2138,13.0
F_2139,20.0
F_2140,27.0
F_2141,27.0
F_2142,29.0
F_2143,33.0
F_2144,37.0
F_2145,43.0
F_2146,51.0
F_2147,53.0
F_2148,60.0
F_2149,63.0
F_2150,71.0
F_2151,47.0
F_2152,47.0
F_2153,43.0
F_2154,43.0
F_2155,37.0
F_2156,37.0
F_2157,33.0
F_2158,29.0
F_2159,27.0
F_2160,20.0
F_2161,27.0
F_2162,29.0
F_2163,33.0
F_2164,33.0
F_2165,33.0
F_2166,29.0
F_2167,27.0
F_2168,27.0
F_2169,20.0
F_2170,13.0
F_2171,13.0
F_2172,20.0
F_2173,27.0
F_2174,29.0
F_2175,33.0
F_2176,43.0
F_2177,47.0
F_2178,80.0
F_2179,73.0
F_2180,73.0
F_2181,71.0
F_2182,67.0
F_2183,63.0
F_2184,60.0
F_2185,53.0
F_2186,51.0
F_2187,47.0
F_2188,51.0
F_2189,51.0
F_2190,53.0
F_2191,47.0
F_2192,47.0
F_2193,43.0
F_2194,37.0
F_2195,47.0
F_2196,51.0
F_2197,13.0
F_2198,20.0
F_2199,20.0
F_2200,27.0
F_2201,29.0
F_2202,29.0
F_2203,33.0
F_2204,37.0
F_2205,43.0
F_2206,47.0
F_2207,51.0
F_2208,60.0
F_2209,63.0
F_2210,67.0
F_2211,71.0
F_2212,51.0
F_2213,47.0
F_2214,47.0
F_2215,43.0
F_2216,43.0
F_2217,37.0
F_2218,37.0
F_2219,33.0
F_2220,29.0
F_2221,27.0
F_2222,29.0
F_2223,29.0
F_2224,33.0
F_2225,37.0
F_2226,33.0
F_2227,29.0
F_2228,29.0
F_2229,29.0
F_2230,27.0
F_2231,20.0
F_2232,13.0
F_2233,13.0
F_2234,20.0
F_2235,29.0
F_2236,29.0
F_2237,37.0
F_2238,47.0
F_2239,80.0
F_2240,80.0
F_2241,73.0
F_2242,73.0
F_2243,67.0
F_2244,67.0
F_2245,63.0
F_2246,60.0
F_2247,51.0
F_2248,51.0
F_2249,51.0
F_2250,53.0
F_2251,53.0
F_2252,51.0
F_2253,47.0
F_2254,47.0
F_2255,43.0
F_2256,47.0
F_2257,53.0
F_2258,20.0
F_2259,27.0
F_2260,27.0
F_2261,29.0
F_2262,33.0
F_2263,33.0
F_2264,37.0
F_2265,43.0
F_2266,47.0
F_2267,51.0
F_2268,53.0
F_2269,63.0
F_2270,67.0
F_2271,71.0
F_2272,73.0
F_2273,53.0
F_2274,51.0
F_2275,51.0
F_2276,47.0
F_2277,47.0
F_2278,43.0
F_2279,43.0
F_2280,37.0
F_2281,33.0
F_2282,29.0
F_2283,33.0
F_2284,33.0
F_2285,37.0
F_2286,43.0
F_2287,37.0
F_2288,33.0
F_2289,33.0
F_2290,33.0
F_2291,29.0
F_2292,27.0
F_2293,20.0
F_2294,13.0
F_2295,13.0
F_2296,27.0
F_2297,27.0
F_2298,33.0
F_2299,43.0
F_2300,83.0
F_2301,83.0
F_2302,80.0
F_2303,80.0
F_2304,71.0
F_2305,71.0
F_2306,67.0
F_2307,63.0
F_2308,53.0
F_2309,53.0
F_2310,53.0
F_2311,60.0
F_2312,60.0
F_2313,53.0
F_2314,51.0
F_2315,51.0
F_2316,47.0
F_2317,51.0
F_2318,60.0
F_2319,27.0
F_2320,27.0
F_2321,29.0
F_2322,33.0
F_2323,37.0
F_2324,37.0
F_2325,43.0
F_2326,43.0
F_2327,47.0
F_2328,51.0
F_2329,60.0
F_2330,63.0
F_2331,71.0
F_2332,71.0
F_2333,80.0
F_2334,53.0
F_2335,53.0
F_2336,51.0
F_2337,51.0
F_2338,51.0
F_2339,47.0
F_2340,47.0
F_2341,43.0
F_2342,37.0
F_2343,33.0
F_2344,37.0
F_2345,37.0
F_2346,43.0
F_2347,43.0
F_2348,43.0
F_2349,37.0
F_2350,37.0
F_2351,33.0
F_2352,29.0
F_2353,27.0
F_2354,27.0
F_2355,20.0
F_2356,13.0
F_2357,20.0
F_2358,27.0
F_2359,29.0
F_2360,37.0
F_2361,87.0
F_2362,87.0
F_2363,83.0
F_2364,80.0
F_2365,73.0
F_2366,73.0
F_2367,67.0
F_2368,67.0
F_2369,60.0
F_2370,53.0
F_2371,60.0
F_2372,63.0
F_2373,63.0
F_2374,60.0
F_2375,53.0
F_2376,53.0
F_2377,47.0
F_2378,53.0
F_2379,60.0
F_2380,29.0
F_2381,33.0
F_2382,33.0
F_2383,37.0
F_2384,43.0
F_2385,43.0
F_2386,47.0
F_2387,51.0
F_2388,53.0
F_2389,60.0
F_2390,63.0
F_2391,71.0
F_2392,73.0
F_2393,80.0
F_2394,87.0
F_2395,63.0
F_2396,60.0
F_2397,60.0
F_2398,53.0
F_2399,53.0
F_2400,51.0
F_2401,51.0
F_2402,47.0
F_2403,43.0
F_2404,37.0
F_2405,43.0
F_2406,47.0
F_2407,47.0
F_2408,51.0
F_2409,47.0
F_2410,47.0
F_2411,43.0
F_2412,43.0
F_2413,37.0
F_2414,33.0
F_2415,29.0
F_2416,29.0
F_2417,27.0
F_2418,20.0
F_2419,13.0
F_2420,27.0
F_2421,33.0
F_2422,91.0
F_2423,91.0
F_2424,87.0
F_2425,87.0
F_2426,80.0
F_2427,80.0
F_2428,73.0
F_2429,71.0
F_2430,63.0
F_2431,63.0
F_2432,63.0
F_2433,67.0
F_2434,67.0
F_2435,63.0
F_2436,63.0
F_2437,60.0
F_2438,53.0
F_2439,60.0
F_2440,67.0
F_2441,33.0
F_2442,37.0
F_2443,37.0
F_2444,43.0
F_2445,47.0
F_2446,47.0
F_2447,51.0
F_2448,53.0
F_2449,60.0
F_2450,63.0
F_2451,67.0
F_2452,73.0
F_2453,80.0
F_2454,83.0
F_2455,87.0
F_2456,67.0
F_2457,63.0
F_2458,63.0
F_2459,60.0
F_2460,60.0
F_2461,53.0
F_2462,53.0
F_2463,51.0
F_2464,47.0
F_2465,43.0
F_2466,47.0
F_2467,47.0
F_2468,51.0
F_2469,53.0
F_2470,51.0
F_2471,47.0
F_2472,47.0
F_2473,47.0
F_2474,43.0
F_2475,37.0
F_2476,33.0
F_2477,29.0
F_2478,27.0
F_2479,27.0
F_2480,13.0
F_2481,20.0
F_2482,29.0
F_2483,93.0
F_2484,93.0
F_2485,91.0
F_2486,91.0
F_2487,83.0
F_2488,83.0
F_2489,80.0
F_2490,73.0
F_2491,67.0
F_2492,67.0
F_2493,67.0
F_2494,71.0
F_2495,71.0
F_2496,67.0
F_2497,63.0
F_2498,63.0
F_2499,60.0
F_2500,63.0
F_2501,71.0
F_2502,43.0
F_2503,43.0
F_2504,47.0
F_2505,51.0
F_2506,51.0
F_2507,53.0
F_2508,53.0
F_2509,60.0
F_2510,63.0
F_2511,67.0
F_2512,73.0
F_2513,80.0
F_2514,87.0
F_2515,87.0
F_2516,93.0
F_2517,71.0
F_2518,71.0
F_2519,67.0
F_2520,67.0
F_2521,63.0
F_2522,63.0
F_2523,60.0
F_2524,53.0
F_2525,53.0
F_2526,51.0
F_2527,53.0
F_2528,53.0
F_2529,60.0
F_2530,60.0
F_2531,60.0
F_2532,53.0
F_2533,53.0
F_2534,51.0
F_2535,47.0
F_2536,43.0
F_2537,43.0
F_2538,37.0
F_2539,33.0
F_2540,29.0
F_2541,27.0
F_2542,20.0
F_2543,20.0
F_2544,
F_2545,100.0
F_2546,100.0
F_2547,93.0
F_2548,91.0
F_2549,87.0
F_2550,83.0
F_2551,83.0
F_2552,73.0
F_2553,71.0
F_2554,73.0
F_2555,73.0
F_2556,80.0
F_2557,73.0
F_2558,71.0
F_2559,71.0
F_2560,63.0
F_2561,71.0
F_2562,73.0
F_2563,47.0
F_2564,51.0
F_2565,51.0
F_2566,53.0
F_2567,60.0
F_2568,60.0
F_2569,63.0
F_2570,67.0
F_2571,71.0
F_2572,73.0
F_2573,83.0
F_2574,87.0
F_2575,91.0
F_2576,93.0
F_2577,
F_2578,80.0
F_2579,80.0
F_2580,73.0
F_2581,73.0
F_2582,71.0
F_2583,71.0
F_2584,67.0
F_2585,63.0
F_2586,60.0
F_2587,53.0
F_2588,60.0
F_2589,63.0
F_2590,63.0
F_2591,67.0
F_2592,63.0
F_2593,63.0
F_2594,60.0
F_2595,60.0
F_2596,53.0
F_2597,51.0
F_2598,47.0
F_2599,47.0
F_2600,43.0
F_2601,37.0
F_2602,33.0
F_2603,29.0
F_2604,20.0
F_2605,
F_2606,
F_2607,
F_2608,
F_2609,93.0
F_2610,93.0
F_2611,91.0
F_2612,87.0
F_2613,83.0
F_2614,80.0
F_2615,83.0
F_2616,83.0
F_2617,83.0
F_2618,80.0
F_2619,80.0
F_2620,73.0
F_2621,71.0
F_2622,80.0
F_2623,83.0
F_2624,80.0
F_2625,73.0
F_2626,73.0
F_2627,71.0
F_2628,67.0
F_2629,67.0
F_2630,71.0
F_2631,71.0
F_2632,67.0
F_2633,71.0
F_2634,80.0
F_2635,83.0
F_2636,87.0
F_2637,91.0
F_2638,100.0
F_2639,47.0
F_2640,47.0
F_2641,51.0
F_2642,51.0
F_2643,53.0
F_2644,53.0
F_2645,60.0
F_2646,63.0
F_2647,67.0
F_2648,71.0
F_2649,73.0
F_2650,73.0
F_2651,80.0
F_2652,80.0
F_2653,93.0
F_2654,91.0
F_2655,87.0
F_2656,87.0
F_2657,83.0
F_2658,80.0
F_2659,80.0
F_2660,80.0
F_2661,83.0
F_2662,87.0
F_2663,91.0
F_2664,93.0
F_2665,
F_2666,
F_2667,13.0
F_2668,20.0
F_2669,20.0
F_2670,29.0
F_2671,29.0
F_2672,33.0
F_2673,37.0
F_2674,43.0
F_2675,47.0
F_2676,51.0
F_2677,51.0
F_2678,53.0
F_2679,60.0
F_2680,60.0
F_2681,63.0
F_2682,67.0
F_2683,73.0
F_2684,80.0
F_2685,73.0
F_2686,73.0
F_2687,71.0
F_2688,67.0
F_2689,67.0
F_2690,63.0
F_2691,67.0
F_2692,71.0
F_2693,67.0
F_2694,71.0
F_2695,73.0
F_2696,83.0
F_2697,87.0
F_2698,91.0
F_2699,93.0
F_2700,47.0
F_2701,47.0
F_2702,51.0
F_2703,51.0
F_2704,51.0
F_2705,53.0
F_2706,53.0
F_2707,60.0
F_2708,63.0
F_2709,67.0
F_2710,71.0
F_2711,73.0
F_2712,73.0
F_2713,80.0
F_2714,91.0
F_2715,91.0
F_2716,87.0
F_2717,87.0
F_2718,83.0
F_2719,80.0
F_2720,73.0
F_2721,80.0
F_2722,83.0
F_2723,87.0
F_2724,91.0
F_2725,93.0
F_2726,100.0
F_2727,
F_2728,13.0
F_2729,13.0
F_2730,20.0
F_2731,27.0
F_2732,27.0
F_2733,33.0
F_2734,33.0
F_2735,43.0
F_2736,47.0
F_2737,47.0
F_2738,51.0
F_2739,51.0
F_2740,53.0
F_2741,60.0
F_2742,60.0
F_2743,67.0
F_2744,71.0
F_2745,73.0
F_2746,73.0
F_2747,71.0
F_2748,71.0
F_2749,67.0
F_2750,63.0
F_2751,63.0
F_2752,67.0
F_2753,67.0
F_2754,63.0
F_2755,67.0
F_2756,73.0
F_2757,80.0
F_2758,83.0
F_2759,87.0
F_2760,93.0
F_2761,43.0
F_2762,43.0
F_2763,47.0
F_2764,47.0
F_2765,51.0
F_2766,51.0
F_2767,53.0
F_2768,60.0
F_2769,63.0
F_2770,67.0
F_2771,71.0
F_2772,71.0
F_2773,73.0
F_2774,73.0
F_2775,91.0
F_2776,87.0
F_2777,83.0
F_2778,83.0
F_2779,80.0
F_2780,73.0
F_2781,73.0
F_2782,73.0
F_2783,80.0
F_2784,83.0
F_2785,87.0
F_2786,91.0
F_2787,100.0
F_2788,
F_2789,20.0
F_2790,13.0
F_2791,13.0
F_2792,27.0
F_2793,27.0
F_2794,29.0
F_2795,33.0
F_2796,37.0
F_2797,43.0
F_2798,47.0
F_2799,47.0
F_2800,51.0
F_2801,53.0
F_2802,53.0
F_2803,60.0
F_2804,63.0
F_2805,71.0
F_2806,73.0
F_2807,71.0
F_2808,71.0
F_2809,67.0
F_2810,63.0
F_2811,63.0
F_2812,60.0
F_2813,63.0
F_2814,67.0
F_2815,60.0
F_2816,63.0
F_2817,71.0
F_2818,73.0
F_2819,83.0
F_2820,83.0
F_2821,91.0
F_2822,37.0
F_2823,43.0
F_2824,43.0
F_2825,47.0
F_2826,47.0
F_2827,51.0
F_2828,51.0
F_2829,53.0
F_2830,60.0
F_2831,63.0
F_2832,67.0
F_2833,71.0
F_2834,71.0
F_2835,73.0
F_2836,87.0
F_2837,83.0
F_2838,83.0
F_2839,80.0
F_2840,80.0
F_2841,73.0
F_2842,71.0
F_2843,73.0
F_2844,80.0
F_2845,80.0
F_2846,87.0
F_2847,91.0
F_2848,93.0
F_2849,
F_2850,20.0
F_2851,20.0
F_2852,13.0
F_2853,20.0
F_2854,20.0
F_2855,27.0
F_2856,29.0
F_2857,37.0
F_2858,37.0
F_2859,43.0
F_2860,47.0
F_2861,47.0
F_2862,51.0
F_2863,53.0
F_2864,53.0
F_2865,60.0
F_2866,67.0
F_2867,71.0
F_2868,67.0
F_2869,63.0
F_2870,63.0
F_2871,60.0
F_2872,53.0
F_2873,53.0
F_2874,60.0
F_2875,60.0
F_2876,53.0
F_2877,60.0
F_2878,67.0
F_2879,71.0
F_2880,73.0
F_2881,80.0
F_2882,87.0
F_2883,33.0
F_2884,33.0
F_2885,37.0
F_2886,37.0
F_2887,43.0
F_2888,43.0
F_2889,47.0
F_2890,51.0
F_2891,53.0
F_2892,60.0
F_2893,63.0
F_2894,63.0
F_2895,67.0
F_2896,67.0
F_2897,83.0
F_2898,80.0
F_2899,73.0
F_2900,73.0
F_2901,71.0
F_2902,67.0
F_2903,67.0
F_2904,67.0
F_2905,71.0
F_2906,73.0
F_2907,80.0
F_2908,83.0
F_2909,91.0
F_2910,93.0
F_2911,29.0
F_2912,27.0
F_2913,27.0
F_2914,20.0
F_2915,13.0
F_2916,20.0
F_2917,27.0
F_2918,29.0
F_2919,33.0
F_2920,37.0
F_2921,37.0
F_2922,43.0
F_2923,47.0
F_2924,47.0
F_2925,51.0
F_2926,53.0
F_2927,63.0
F_2928,67.0
F_2929,63.0
F_2930,63.0
F_2931,60.0
F_2932,53.0
F_2933,53.0
F_2934,51.0
F_2935,53.0
F_2936,60.0
F_2937,53.0
F_2938,60.0
F_2939,63.0
F_2940,71.0
F_2941,73.0
F_2942,80.0
F_2943,83.0
F_2944,33.0
F_2945,33.0
F_2946,37.0
F_2947,37.0
F_2948,37.0
F_2949,43.0
F_2950,43.0
F_2951,47.0
F_2952,51.0
F_2953,53.0
F_2954,60.0
F_2955,63.0
F_2956,67.0
F_2957,67.0
F_2958,80.0
F_2959,80.0
F_2960,73.0
F_2961,73.0
F_2962,71.0
F_2963,67.0
F_2964,63.0
F_2965,67.0
F_2966,71.0
F_2967,73.0
F_2968,80.0
F_2969,83.0
F_2970,87.0
F_2971,93.0
F_2972,29.0
F_2973,27.0
F_2974,27.0
F_2975,20.0
F_2976,13.0
F_2977,20.0
F_2978,20.0
F_2979,29.0
F_2980,33.0
F_2981,33.0
F_2982,37.0
F_2983,37.0
F_2984,43.0
F_2985,47.0
F_2986,47.0
F_2987,53.0
F_2988,60.0
F_2989,63.0
F_2990,60.0
F_2991,60.0
F_2992,53.0
F_2993,51.0
F_2994,51.0
F_2995,47.0
F_2996,51.0
F_2997,53.0
F_2998,51.0
F_2999,53.0
F_3000,60.0
F_3001,63.0
F_3002,71.0
F_3003,71.0
F_3004,80.0
F_3005,27.0
F_3006,29.0
F_3007,33.0
F_3008,33.0
F_3009,33.0
F_3010,37.0
F_3011,37.0
F_3012,43.0
F_3013,47.0
F_3014,51.0
F_3015,53.0
F_3016,60.0
F_3017,60.0
F_3018,63.0
F_3019,73.0
F_3020,71.0
F_3021,71.0
F_3022,71.0
F_3023,67.0
F_3024,63.0
F_3025,60.0
F_3026,63.0
F_3027,67.0
F_3028,67.0
F_3029,73.0
F_3030,80.0
F_3031,83.0
F_3032,91.0
F_3033,33.0
F_3034,33.0
F_3035,29.0
F_3036,27.0
F_3037,20.0
F_3038,20.0
F_3039,13.0
F_3040,27.0
F_3041,27.0
F_3042,29.0
F_3043,33.0
F_3044,33.0
F_3045,37.0
F_3046,43.0
F_3047,43.0
F_3048,51.0
F_3049,53.0
F_3050,60.0
F_3051,53.0
F_3052,53.0
F_3053,51.0
F_3054,47.0
F_3055,47.0
F_3056,47.0
F_3057,47.0
F_3058,51.0
F_3059,47.0
F_3060,51.0
F_3061,53.0
F_3062,63.0
F_3063,67.0
F_3064,71.0
F_3065,73.0
F_3066,27.0
F_3067,27.0
F_3068,29.0
F_3069,29.0
F_3070,33.0
F_3071,33.0
F_3072,37.0
F_3073,43.0
F_3074,47.0
F_3075,47.0
F_3076,53.0
F_3077,53.0
F_3078,60.0
F_3079,60.0
F_3080,71.0
F_3081,71.0
F_3082,67.0
F_3083,67.0
F_3084,63.0
F_3085,60.0
F_3086,53.0
F_3087,60.0
F_3088,63.0
F_3089,67.0
F_3090,71.0
F_3091,73.0
F_3092,83.0
F_3093,87.0
F_3094,37.0
F_3095,33.0
F_3096,33.0
F_3097,29.0
F_3098,27.0
F_3099,20.0
F_3100,13.0
F_3101,20.0
F_3102,27.0
F_3103,27.0
F_3104,29.0
F_3105,29.0
F_3106,37.0
F_3107,37.0
F_3108,43.0
F_3109,47.0
F_3110,51.0
F_3111,60.0
F_3112,51.0
F_3113,47.0
F_3114,47.0
F_3115,43.0
F_3116,37.0
F_3117,37.0
F_3118,43.0
F_3119,43.0
F_3120,37.0
F_3121,43.0
F_3122,51.0
F_3123,53.0
F_3124,60.0
F_3125,63.0
F_3126,71.0
F_3127,13.0
F_3128,20.0
F_3129,20.0
F_3130,27.0
F_3131,27.0
F_3132,29.0
F_3133,29.0
F_3134,33.0
F_3135,37.0
F_3136,43.0
F_3137,47.0
F_3138,47.0
F_3139,51.0
F_3140,51.0
F_3141,67.0
F_3142,63.0
F_3143,63.0
F_3144,60.0
F_3145,53.0
F_3146,51.0
F_3147,51.0
F_3148,51.0
F_3149,53.0
F_3150,60.0
F_3151,63.0
F_3152,67.0
F_3153,73.0
F_3154,83.0
F_3155,43.0
F_3156,43.0
F_3157,37.0
F_3158,37.0
F_3159,29.0
F_3160,29.0
F_3161,27.0
F_3162,20.0
F_3163,13.0
F_3164,20.0
F_3165,20.0
F_3166,27.0
F_3167,29.0
F_3168,29.0
F_3169,33.0
F_3170,37.0
F_3171,47.0
F_3172,51.0
F_3173,47.0
F_3174,47.0
F_3175,43.0
F_3176,37.0
F_3177,37.0
F_3178,33.0
F_3179,37.0
F_3180,43.0
F_3181,37.0
F_3182,43.0
F_3183,47.0
F_3184,51.0
F_3185,60.0
F_3186,60.0
F_3187,67.0
F_3188,13.0
F_3189,13.0
F_3190,20.0
F_3191,20.0
F_3192,20.0
F_3193,27.0
F_3194,27.0
F_3195,29.0
F_3196,33.0
F_3197,37.0
F_3198,43.0
F_3199,47.0
F_3200,47.0
F_3201,51.0
F_3202,63.0
F_3203,63.0
F_3204,60.0
F_3205,60.0
F_3206,53.0
F_3207,51.0
F_3208,47.0
F_3209,51.0
F_3210,53.0
F_3211,53.0
F_3212,63.0
F_3213,67.0
F_3214,71.0
F_3215,80.0
F_3216,47.0
F_3217,47.0
F_3218,43.0
F_3219,37.0
F_3220,33.0
F_3221,33.0
F_3222,27.0
F_3223,27.0
F_3224,13.0
F_3225,13.0
F_3226,20.0
F_3227,20.0
F_3228,27.0
F_3229,29.0
F_3230,29.0
F_3231,37.0
F_3232,43.0
F_3233,47.0
F_3234,51.0
F_3235,47.0
F_3236,47.0
F_3237,43.0
F_3238,37.0
F_3239,37.0
F_3240,43.0
F_3241,37.0
F_3242,33.0
F_3243,37.0
F_3244,47.0
F_3245,51.0
F_3246,53.0
F_3247,60.0
F_3248,67.0
F_3249,13.0
F_3250,13.0
F_3251,20.0
F_3252,20.0
F_3253,27.0
F_3254,27.0
F_3255,29.0
F_3256,33.0
F_3257,37.0
F_3258,43.0
F_3259,47.0
F_3260,47.0
F_3261,51.0
F_3262,51.0
F_3263,67.0
F_3264,63.0
F_3265,63.0
F_3266,60.0
F_3267,53.0
F_3268,51.0
F_3269,51.0
F_3270,51.0
F_3271,53.0
F_3272,60.0
F_3273,63.0
F_3274,67.0
F_3275,73.0
F_3276,83.0
F_3277,51.0
F_3278,47.0
F_3279,47.0
F_3280,43.0
F_3281,37.0
F_3282,33.0
F_3283,29.0
F_3284,27.0
F_3285,20.0
F_3286,13.0
F_3287,13.0
F_3288,20.0
F_3289,27.0
F_3290,27.0
F_3291,29.0
F_3292,33.0
F_3293,43.0
F_3294,47.0
F_3295,51.0
F_3296,51.0
F_3297,47.0
F_3298,43.0
F_3299,43.0
F_3300,37.0
F_3301,37.0
F_3302,37.0
F_3303,29.0
F_3304,33.0
F_3305,43.0
F_3306,47.0
F_3307,53.0
F_3308,53.0
F_3309,63.0
F_3310,20.0
F_3311,20.0
F_3312,27.0
F_3313,27.0
F_3314,27.0
F_3315,29.0
F_3316,33.0
F_3317,37.0
F_3318,37.0
F_3319,43.0
F_3320,47.0
F_3321,51.0
F_3322,53.0
F_3323,53.0
F_3324,67.0
F_3325,67.0
F_3326,63.0
F_3327,63.0
F_3328,60.0
F_3329,53.0
F_3330,51.0
F_3331,53.0
F_3332,60.0
F_3333,63.0
F_3334,67.0
F_3335,71.0
F_3336,73.0
F_3337,83.0
F_3338,51.0
F_3339,51.0
F_3340,47.0
F_3341,47.0
F_3342,37.0
F_3343,37.0
F_3344,33.0
F_3345,29.0
F_3346,20.0
F_3347,20.0
F_3348,13.0
F_3349,13.0
F_3350,20.0
F_3351,27.0
F_3352,27.0
F_3353,29.0
F_3354,37.0
F_3355,43.0
F_3356,53.0
F_3357,51.0
F_3358,51.0
F_3359,47.0
F_3360,43.0
F_3361,43.0
F_3362,37.0
F_3363,33.0
F_3364,29.0
F_3365,33.0
F_3366,37.0
F_3367,47.0
F_3368,51.0
F_3369,53.0
F_3370,63.0
F_3371,20.0
F_3372,27.0
F_3373,27.0
F_3374,29.0
F_3375,29.0
F_3376,33.0
F_3377,33.0
F_3378,37.0
F_3379,43.0
F_3380,47.0
F_3381,51.0
F_3382,51.0
F_3383,53.0
F_3384,53.0
F_3385,71.0
F_3386,67.0
F_3387,63.0
F_3388,63.0
F_3389,60.0
F_3390,53.0
F_3391,53.0
F_3392,53.0
F_3393,60.0
F_3394,63.0
F_3395,67.0
F_3396,71.0
F_3397,80.0
F_3398,83.0
F_3399,53.0
F_3400,51.0
F_3401,51.0
F_3402,47.0
F_3403,43.0
F_3404,37.0
F_3405,33.0
F_3406,29.0
F_3407,27.0
F_3408,20.0
F_3409,20.0
F_3410,13.0
F_3411,20.0
F_3412,20.0
F_3413,27.0
F_3414,29.0
F_3415,37.0
F_3416,43.0
F_3417,47.0
F_3418,47.0
F_3419,43.0
F_3420,43.0
F_3421,37.0
F_3422,37.0
F_3423,33.0
F_3424,29.0
F_3425,27.0
F_3426,29.0
F_3427,33.0
F_3428,43.0
F_3429,47.0
F_3430,51.0
F_3431,53.0
F_3432,27.0
F_3433,29.0
F_3434,29.0
F_3435,33.0
F_3436,33.0
F_3437,37.0
F_3438,37.0
F_3439,37.0
F_3440,37.0
F_3441,43.0
F_3442,47.0
F_3443,47.0
F_3444,51.0
F_3445,51.0
F_3446,63.0
F_3447,63.0
F_3448,60.0
F_3449,60.0
F_3450,53.0
F_3451,51.0
F_3452,47.0
F_3453,51.0
F_3454,53.0
F_3455,60.0
F_3456,63.0
F_3457,67.0
F_3458,73.0
F_3459,80.0
F_3460,60.0
F_3461,53.0
F_3462,53.0
F_3463,51.0
F_3464,47.0
F_3465,43.0
F_3466,37.0
F_3467,37.0
F_3468,29.0
F_3469,27.0
F_3470,27.0
F_3471,20.0
F_3472,20.0
F_3473,13.0
F_3474,13.0
F_3475,27.0
F_3476,29.0
F_3477,37.0
F_3478,47.0
F_3479,43.0
F_3480,43.0
F_3481,37.0
F_3482,37.0
F_3483,33.0
F_3484,29.0
F_3485,27.0
F_3486,20.0
F_3487,27.0
F_3488,33.0
F_3489,37.0
F_3490,47.0
F_3491,47.0
F_3492,53.0
F_3493,29.0
F_3494,29.0
F_3495,33.0
F_3496,33.0
F_3497,37.0
F_3498,37.0
F_3499,43.0
F_3500,37.0
F_3501,33.0
F_3502,37.0
F_3503,43.0
F_3504,43.0
F_3505,47.0
F_3506,51.0
F_3507,63.0
F_3508,60.0
F_3509,60.0
F_3510,53.0
F_3511,51.0
F_3512,47.0
F_3513,47.0
F_3514,47.0
F_3515,51.0
F_3516,53.0
F_3517,63.0
F_3518,63.0
F_3519,71.0
F_3520,80.0
F_3521,60.0
F_3522,60.0
F_3523,53.0
F_3524,53.0
F_3525,47.0
F_3526,47.0
F_3527,43.0
F_3528,37.0
F_3529,29.0
F_3530,29.0
F_3531,27.0
F_3532,27.0
F_3533,20.0
F_3534,13.0
F_3535,13.0
F_3536,20.0
F_3537,29.0
F_3538,33.0
F_3539,43.0
F_3540,43.0
F_3541,37.0
F_3542,37.0
F_3543,33.0
F_3544,33.0
F_3545,29.0
F_3546,27.0
F_3547,20.0
F_3548,27.0
F_3549,29.0
F_3550,37.0
F_3551,43.0
F_3552,47.0
F_3553,51.0
F_3554,29.0
F_3555,33.0
F_3556,33.0
F_3557,37.0
F_3558,37.0
F_3559,43.0
F_3560,37.0
F_3561,33.0
F_3562,33.0
F_3563,37.0
F_3564,43.0
F_3565,43.0
F_3566,47.0
F_3567,47.0
F_3568,60.0
F_3569,60.0
F_3570,53.0
F_3571,53.0
F_3572,51.0
F_3573,47.0
F_3574,43.0
F_3575,47.0
F_3576,51.0
F_3577,53.0
F_3578,60.0
F_3579,63.0
F_3580,71.0
F_3581,73.0
F_3582,63.0
F_3583,60.0
F_3584,60.0
F_3585,53.0
F_3586,51.0
F_3587,47.0
F_3588,43.0
F_3589,43.0
F_3590,33.0
F_3591,29.0
F_3592,29.0
F_3593,27.0
F_3594,27.0
F_3595,13.0
F_3596,13.0
F_3597,20.0
F_3598,27.0
F_3599,33.0
F_3600,37.0
F_3601,37.0
F_3602,33.0
F_3603,29.0
F_3604,29.0
F_3605,27.0
F_3606,20.0
F_3607,20.0
F_3608,13.0
F_3609,13.0
F_3610,27.0
F_3611,29.0
F_3612,37.0
F_3613,37.0
F_3614,47.0
F_3615,37.0
F_3616,37.0
F_3617,43.0
F_3618,43.0
F_3619,37.0
F_3620,37.0
F_3621,33.0
F_3622,29.0
F_3623,27.0
F_3624,29.0
F_3625,33.0
F_3626,37.0
F_3627,37.0
F_3628,43.0
F_3629,53.0
F_3630,53.0
F_3631,51.0
F_3632,51.0
F_3633,47.0
F_3634,43.0
F_3635,37.0
F_3636,43.0
F_3637,47.0
F_3638,47.0
F_3639,53.0
F_3640,60.0
F_3641,63.0
F_3642,71.0
F_3643,67.0
F_3644,67.0
F_3645,63.0
F_3646,60.0
F_3647,53.0
F_3648,53.0
F_3649,51.0
F_3650,47.0
F_3651,37.0
F_3652,37.0
F_3653,33.0
F_3654,29.0
F_3655,29.0
F_3656,27.0
F_3657,20.0
F_3658,20.0
F_3659,20.0
F_3660,27.0
F_3661,47.0
F_3662,43.0
F_3663,43.0
F_3664,37.0
F_3665,33.0
F_3666,33.0
F_3667,29.0
F_3668,27.0
F_3669,20.0
F_3670,27.0
F_3671,33.0
F_3672,37.0
F_3673,43.0
F_3674,47.0
F_3675,53.0
F_3676,43.0
F_3677,47.0
F_3678,47.0
F_3679,47.0
F_3680,47.0
F_3681,43.0
F_3682,43.0
F_3683,37.0
F_3684,33.0
F_3685,37.0
F_3686,43.0
F_3687,43.0
F_3688,47.0
F_3689,47.0
F_3690,63.0
F_3691,60.0
F_3692,60.0
F_3693,53.0
F_3694,51.0
F_3695,47.0
F_3696,47.0
F_3697,47.0
F_3698,51.0
F_3699,53.0
F_3700,60.0
F_3701,63.0
F_3702,71.0
F_3703,80.0
F_3704,73.0
F_3705,71.0
F_3706,71.0
F_3707,67.0
F_3708,63.0
F_3709,60.0
F_3710,53.0
F_3711,51.0
F_3712,47.0
F_3713,43.0
F_3714,43.0
F_3715,37.0
F_3716,37.0
F_3717,29.0
F_3718,29.0
F_3719,27.0
F_3720,20.0
F_3721,20.0
F_3722,51.0
F_3723,47.0
F_3724,47.0
F_3725,43.0
F_3726,43.0
F_3727,37.0
F_3728,33.0
F_3729,29.0
F_3730,27.0
F_3731,29.0
F_3732,37.0
F_3733,43.0
F_3734,51.0
F_3735,51.0
F_3736,60.0
F_3737,47.0
F_3738,51.0
F_3739,51.0
F_3740,51.0
F_3741,51.0
F_3742,47.0
F_3743,47.0
F_3744,43.0
F_3745,37.0
F_3746,43.0
F_3747,47.0
F_3748,47.0
F_3749,51.0
F_3750,53.0
F_3751,67.0
F_3752,63.0
F_3753,63.0
F_3754,60.0
F_3755,53.0
F_3756,53.0
F_3757,51.0
F_3758,53.0
F_3759,60.0
F_3760,60.0
F_3761,67.0
F_3762,71.0
F_3763,73.0
F_3764,83.0
F_3765,80.0
F_3766,73.0
F_3767,73.0
F_3768,71.0
F_3769,67.0
F_3770,63.0
F_3771,60.0
F_3772,60.0
F_3773,51.0
F_3774,47.0
F_3775,47.0
F_3776,43.0
F_3777,43.0
F_3778,37.0
F_3779,33.0
F_3780,33.0
F_3781,27.0
F_3782,20.0
